{
  "$schema": "http://json-schema.org/draft-07/schema#",
  "title": "ExecuteMsg",
  "oneOf": [
    {
      "type": "object",
      "required": [
        "fabric_verify"
      ],
      "properties": {
        "fabric_verify": {
          "type": "object",
          "required": [
            "root_certificates",
            "signed_datas"
          ],
          "properties": {
            "root_certificates": {
              "type": "array",
              "items": {
                "type": "string"
              }
            },
            "signed_datas": {
              "type": "array",
              "items": {
                "$ref": "#/definitions/SignedData"
              }
            }
          }
        }
      },
      "additionalProperties": false
    }
  ],
  "definitions": {
    "SignedData": {
      "type": "object",
      "required": [
        "data",
        "identity",
        "signature"
      ],
      "properties": {
        "data": {
          "type": "string"
        },
        "identity": {
          "type": "string"
        },
        "signature": {
          "type": "string"
        }
      }
    }
  }
}
